Salt_Pan_ID,Salt_Pan_Name,Alternate_Name,Site_Type,State,Union_Territory,District,Taluka_Block,Village_Locality,Nearest_City,Nearest_Road,Nearest_Port,Latitude,Longitude,Latitude_DMS,Longitude_DMS,Coordinate_Accuracy,Coordinate_Source,Coordinate_Confidence,Elevation_Meters,Distance_To_Coast_KM,Coast_Type,Geometry_Type,Geometry_Available,Polygon_Available,Polygon_Source,Polygon_Accuracy,Polygon_Area_Hectares,Official_Area_Hectares,Area_Source,WKT_Geometry,GeoJSON_Geometry,Bounding_Box,CRS,Satellite_Image_Available,Satellite_Source,Satellite_Image_Date,Satellite_Image_URL,Satellite_Resolution_Meters,Remote_Sensing_Confirmed,Salt_Pan_Visible_In_Imagery,Image_Interpretation_Confidence,NDVI_Available,NDWI_Available,Other_Remote_Sensing_Indices,Seasonal_Change,Salt_Pan_Type,Salt_Source,Production_Status,Production_Method,Salt_Product,Production_Capacity_Tonnes_Per_Year,Actual_Production_Tonnes_Per_Year,Production_Year,Production_Trend,Ownership,Operator,Lease_Status,Establishment_Year,Salt_Worker_Count,Wetland_Association,Nearby_Wetland,Ramsar_Site,Ramsar_Site_Name,Protected_Area,Protected_Area_Name,Ecological_Importance,Bird_Habitat,Migratory_Birds_Documented,Biodiversity_Notes,Environmental_Status,Environmental_Threats,Climate_Risk,Coastal_Erosion_Risk,Flood_Risk,Sea_Level_Rise_Risk,Groundwater_Risk,Surrounding_Land_Use,Urban_Distance_KM,Industrial_Area_Distance_KM,Agriculture_Distance_KM,Major_Infrastructure_Nearby,Land_Use_Change,Historical_Land_Use,Historical_Importance,Historical_Production,Cultural_Importance,Historical_Name,Relevant_Historical_Event,Legal_Status,Government_Notification,Lease_or_License_Number,Regulatory_Authority,Government_Department,Environmental_Clearance,Protected_Status,Primary_Source,Source_Organization,Source_Title,Source_URL,Secondary_Source,Secondary_Source_URL,Academic_Source,Academic_Source_URL,Satellite_Source_Citation,Satellite_Source_URL,Source_Publication_Date,Last_Verified,Data_Confidence,Verification_Status,Duplicate_Check,Coordinate_Check,Polygon_Check,Area_Check,Source_Check,Data_Gaps,Notes
IN-GJ-001,Little Rann of Kutch salt-farming area (Agariya sub-soil brine pans),LRK; Rann of Kachchh (Little); Agar (local term for salt pan),Regional Salt-Producing Area,Gujarat,,Surendranagar; Patan; Morbi; Kutch (multi-district area; Wikipedia lists Kutch),,"Little Rann of Kutch (settlements incl. Kharaghoda, Dhrangadhra, Halvad, Santalpur, Adesar, Malia per secondary source)",,,,23.45,70.85,"23°27'00.00""N","70°51'00.00""E",Region-level,Wikipedia infobox (Little Rann of Kutch region centroid); not a pan location,Low,,,Unknown,Approximate Point,Yes,No,,Unknown,,,,POINT (70.85 23.45),"{""type"":""Point"",""coordinates"":[70.85,23.45]}",,EPSG:4326,Unknown,,,,,No,Unknown,,No,No,,,Brine-based,Brine,Seasonal,Sub-soil brine pumped into shallow pans; daily raking; harvest after ~6 months of work starting ~October,Solar salt,,,,Unknown,Unknown,Agariya families (traditional salt farmers); individual leaseholders,"Agariya land rights within the sanctuary described as pending a formal decision (Berkeley Journal, 2025)",,45000,Rann of Kutch salt marsh,,Unknown,,Yes,Indian Wild Ass Sanctuary,"Habitat of Indian wild ass (khur); sanctuary covers ~4,953.71 km2 (Vajiram); Wikipedia gives establishment as 1971, another source 1973",Unknown,Unknown,,,Land-tenure insecurity and conservation restrictions on Agariyas; harsh working conditions and health problems (Wikipedia; Berkeley Journal),Not quantified in sources reviewed,,,,,Salt production; salt marsh; wildlife sanctuary,,,,,,,"Large-scale salt making believed to date from the 10th century around Patadi, Jhinjuwada and Kharaghoda (Campbell 1887, via Berkeley Journal)",,,,1669-70 Mughal firman reinstating the king of Halvad as owner of agar (salt pans) (Berkeley Journal),Salt panning occurs within/around a notified wildlife sanctuary; formal land-rights decision pending,,,Salt Commissioner's Organisation (central); Gujarat Forest Department (sanctuary),,,,Wikipedia (Little Rann of Kutch),Wikipedia / Berkeley Journal of Sociology,Little Rann of Kutch; Salt 'Farming': Gendered Labour and Ecologies of migrant workers in Little Rann of Kutch,https://en.wikipedia.org/wiki/Little_Rann_of_Kutch,Berkeley Journal of Sociology (2025),https://berkeleyjournal.org/2025/06/11/salt-farming/,JMRA 11(4) - salt industry with reference to Gujarat (worker estimate),https://jmra.in/archive/volume/11/issue/4/article/16057,NRSC/ISRO Salt Pan Atlas of India (Cartosat-2/3 imagery; state-level coverage statement only - site-level inclusion not verified),https://www.nrsc.gov.in/nrscnew/resources_atlas_SaltPan.php,2025-06-11,2026-09-21,Medium,Partially Verified,Pass,Pass,Pass,Pass,Review,"No polygon/boundary geometry; Coordinate is a region-level proxy, not the pan boundary; No site-level production figure; No official area figure; No remote-sensing verification performed","Multi-district, spatially extensive region; point is a regional centroid only. Zone names (Dhrangadhra, Kharaghoda, Halvad, Santalpur, Adesar, Malia) come from a travel blog (taleof2backpackers.com; low reliability). Worker figure (~45,000 Agariyas) is an estimate from JMRA 2025 covering 5 districts. Gujarat produced 227.64 lakh tonnes of India's 266 lakh tonnes in 2021-22 (IBM IMYB 2022)."
IN-GJ-002,Kharaghoda salt works and production cluster,Kharagoda; Kharaghoda (HSL),Salt Production Cluster,Gujarat,,Surendranagar,,Kharaghoda,,,,23.20008,71.72709,"23°12'00.29""N","71°43'37.52""E",Region-level,Wikipedia infobox (Kharaghoda census town centroid); not pan location,Low,,,Unknown,Approximate Point,Yes,No,,Unknown,,,,POINT (71.72709 23.20008),"{""type"":""Point"",""coordinates"":[71.72709,23.20008]}",,EPSG:4326,Unknown,,,,,No,Unknown,,No,No,,,Brine-based,Brine,Active,Sub-soil brine solar evaporation (Little Rann); historically well water was used (Wikipedia),Solar salt,,,,Unknown,Unknown,Multiple; Hindustan Salts Ltd presence documented (HSL-operated hospital per Wikipedia); Sambhar Salts Ltd iodisation plants at Kharagoda per IBM,,"10th century (large-scale salt making in the area, per Campbell 1887 via Berkeley Journal)",,Located at the edge of the Little Rann of Kutch,,Unknown,,Unknown,,Adjacent to Little Rann of Kutch (Indian Wild Ass Sanctuary region),Unknown,Unknown,,,,,,,,,,,,,,,,"Large-scale salt making in the Patadi, Jhinjuwada and Kharaghoda area is believed to date from the 10th century (Campbell 1887, via Berkeley Journal)",,,,,,,,Salt Commissioner's Organisation,,,,Wikipedia (Kharaghoda),Wikipedia,Kharaghoda,https://en.wikipedia.org/wiki/Kharaghoda,Berkeley Journal of Sociology (2025),https://berkeleyjournal.org/2025/06/11/salt-farming/,,,NRSC/ISRO Salt Pan Atlas of India (Cartosat-2/3 imagery; state-level coverage statement only - site-level inclusion not verified),https://www.nrsc.gov.in/nrscnew/resources_atlas_SaltPan.php,,2026-09-21,Low,Partially Verified,Pass,Pass,Pass,Pass,Review,"No polygon/boundary geometry; Coordinate is a region-level proxy, not the pan boundary; No site-level production figure; No official area figure; No remote-sensing verification performed","Wikipedia notes salt production as the town's main business; site-specific extent, capacity and ownership not established. IBM IMYB 2022 places iodisation plants of Sambhar Salts Ltd at Kharagoda. Wikipedia notes the local salt name 'Varagadum'."
IN-GJ-003,Tata Chemicals Mithapur (Okha) salt works,Okha Salt Works; Tata Chemicals Ltd Mithapur,Salt Works,Gujarat,,Devbhumi Dwarka,Okhamandal,Mithapur,"Dwarka (~20 km, Wikipedia)",,"Okha (~10 km, Wikipedia)",22.41,69.0,"22°24'36.00""N","69°00'00.00""E",Region-level,Wikipedia infobox (Mithapur town centroid); works boundary not located,Low,,,Arabian Sea,Approximate Point,Yes,No,,Unknown,,,,POINT (69.0 22.41),"{""type"":""Point"",""coordinates"":[69.0,22.41]}",,EPSG:4326,Unknown,,,,,No,Unknown,,No,No,,,Marine salt works,Seawater,Active,Solar evaporation of seawater; salt used as raw material for soda ash and other chemicals,Industrial salt,,,,Unknown,Private,Tata Chemicals Ltd,,1939,,Gulf of Kutch coast,,Unknown,,Unknown,,"Tata group states Mithapur is situated in the Gulf of Kutch, described as a marine national park; overlap with the works not verified",Yes,Yes,More than 150 bird species recorded under the company's biodiversity enrichment programme (Tata Chemicals); flamingos and herons noted by Tata group,,,,,,,,"Industrial (chemical complex), salt production",,,,,,,Tatas took over the Okha Salt Works in 1939; soda ash plant started production in 1944 (Tata group),,,,,,,,,,,,Tata group / Tata Chemicals,Tata Sons / Tata Chemicals Ltd,Chemicals With A Capital Sea,https://www.tata.com/newsroom/tata-chemicals-with-a-capital-sea,Wikipedia (Mithapur),https://en.wikipedia.org/wiki/Mithapur,,,NRSC/ISRO Salt Pan Atlas of India (Cartosat-2/3 imagery; state-level coverage statement only - site-level inclusion not verified),https://www.nrsc.gov.in/nrscnew/resources_atlas_SaltPan.php,,2026-09-21,Medium,Partially Verified,Pass,Pass,Pass,Pass,Review,"No polygon/boundary geometry; Coordinate is a region-level proxy, not the pan boundary; No site-level production figure; No official area figure; No remote-sensing verification performed",Salt output for the works was not found in an authoritative source (an AI-generated encyclopaedia page quoting ~2 Mt/yr was NOT used). Mithapur town coordinate is a proxy; a nearby Mithapur solar plant at 22.4091N 68.9932E is unrelated to salt.
IN-GJ-004,Great Rann of Kutch (natural seasonal salt marsh),Greater Rann of Kachchh; Kutch Desert Wildlife Sanctuary area,Other,Gujarat,,Kutch,,Great Rann of Kutch,,,,23.91,70.44,"23°54'36.00""N","70°26'24.00""E",Region-level,Wikipedia infobox (Kutch Desert Wildlife Sanctuary centroid),Low,,,Unknown,Approximate Point,Yes,No,,Unknown,,,,POINT (70.44 23.91),"{""type"":""Point"",""coordinates"":[70.44,23.91]}",,EPSG:4326,Unknown,,,,,No,Unknown,,No,No,,,Other,Other,Unknown,,,,,,Unknown,Unknown,,,,,Seasonal saline wetland / salt marsh,,Unknown,,Yes,"Kutch Desert Wildlife Sanctuary (declared Feb 1986; 7,506.22 km2)",One of the largest seasonal saline wetlands; breeding ground for large flocks of greater flamingo (Wikipedia),Yes,Unknown,,,,,,,,,Salt marsh; wildlife sanctuary,,,,,,,,,,,,,,,Gujarat Forest Department (sanctuary),,,,Wikipedia (Great Rann of Kutch; Kutch Desert Wildlife Sanctuary),Wikipedia,Great Rann of Kutch,https://en.wikipedia.org/wiki/Great_Rann_of_Kutch,Wikipedia (Kutch Desert Wildlife Sanctuary),https://en.wikipedia.org/wiki/Kutch_Desert_Wildlife_Sanctuary,,,NRSC/ISRO Salt Pan Atlas of India (Cartosat-2/3 imagery; state-level coverage statement only - site-level inclusion not verified),https://www.nrsc.gov.in/nrscnew/resources_atlas_SaltPan.php,,2026-09-21,Low,Unverified,Pass,Pass,Pass,Pass,Review,"No polygon/boundary geometry; Coordinate is a region-level proxy, not the pan boundary; No site-level production figure; No official area figure; No remote-sensing verification performed","Listed because the brief asked for the Great Rann; the extent of commercial salt production inside the Great Rann was NOT established in the sources reviewed. Wikipedia's Great Rann infobox shows Ramsar reference 1285, but sources describe Ramsar site 1285 as the Rann of Kutch Wildlife Sanctuary in Sindh, Pakistan, so no Indian Ramsar designation is asserted here. Natural marsh area is ~7,500 km2 (not a salt-pan area)."
IN-GJ-005,Kutch coastal marine salt works (Gandhidham-Kandla-Maliya-Lavanpur belt),Kachchh marine salt works,Regional Salt-Producing Area,Gujarat,,Kutch; Morbi (Maliya),,Gandhidham; Kandla; Maliya; Lavanpur (as named by SCO/JMRA),,,,,,,,Unknown,,,,,Arabian Sea,Unknown,No,No,,Unknown,,,,,,,,Unknown,,,,,No,Unknown,,No,No,,,Marine salt works,Seawater,Seasonal,"Seawater from creeks lifted by pumps and routed through a series of hardened beds (up to ~90 pans) from ~3-4 to ~25 degrees Baume, then crystalliser (Mongabay 2024)",Solar salt,,,,Unknown,Private,Small- and large-scale private manufacturers; Kutch Small Scale Salt Manufacturers Association (Gandhidham),,,,,,Unknown,,Unknown,,,Unknown,Unknown,,,Weather disruption (cyclone warnings disrupt cycle ~30 days) reported by manufacturers (Mongabay 2024),"Cyclones and extended monsoon shortened the production season in recent years (Mongabay 2024, manufacturer statements)",,,,,,,,,,,,,,,,,,,,Salt Commissioner's Organisation (Ahmedabad regional office),,,,SCO Salient Features (search snippet) / JMRA,Salt Commissioner's Organisation; Journal of Management Research and Analysis,Salt Industry in India (SCO); Performance evaluation of the salt industry in India with special reference to Gujarat,https://saltcomindia.gov.in/Pdf/SailentFeatures.pdf,Mongabay India (2024),https://india.mongabay.com/2024/03/uncertain-weather-makes-that-pinch-of-salt-dearer/,JMRA 11(4),https://jmra.in/archive/volume/11/issue/4/article/16057,NRSC/ISRO Salt Pan Atlas of India (Cartosat-2/3 imagery; state-level coverage statement only - site-level inclusion not verified),https://www.nrsc.gov.in/nrscnew/resources_atlas_SaltPan.php,2024-03,2026-09-21,Low,Partially Verified,Pass,Review,Pass,Pass,Review,No polygon/boundary geometry; No site coordinates found in a reliable source; No site-level production figure; No official area figure; No remote-sensing verification performed,Region-level entry only; no coordinates because none was found in a reliable source. SCO PDF was accessible only as a search snippet (site blocks automated fetch).
IN-GJ-006,Bhavnagar-Rajula-Chirai-Jhakhau coastal salt works,Bhavnagar coast marine salt works,Regional Salt-Producing Area,Gujarat,,"Bhavnagar (Rajula, Chirai and Jhakhau named by SCO; district of each not verified)",,Bhavnagar; Rajula; Chirai (Chira); Jhakhau (Jhakhar),,,,,,,,Unknown,,,,,Arabian Sea,Unknown,No,No,,Unknown,,,,,,,,Unknown,,,,,No,Unknown,,No,No,,,Marine salt works,Seawater,Seasonal,,Solar salt,,,,Unknown,Private,,,,,,,Unknown,,Unknown,,,Unknown,Unknown,,,,"Bhavnagar rainfall ~1000 mm/yr in 2019-2023 vs ~600 mm normal, per a manufacturer quoted by Mongabay (2024)",,,,,,,,,,,,,,,,,,,,Salt Commissioner's Organisation (Ahmedabad regional office),,,,SCO Salient Features (search snippet),Salt Commissioner's Organisation,Salt Industry in India,https://saltcomindia.gov.in/Pdf/SailentFeatures.pdf,Mongabay India (2024),https://india.mongabay.com/2024/03/uncertain-weather-makes-that-pinch-of-salt-dearer/,JMRA 11(4),https://jmra.in/archive/volume/11/issue/4/article/16057,NRSC/ISRO Salt Pan Atlas of India (Cartosat-2/3 imagery; state-level coverage statement only - site-level inclusion not verified),https://www.nrsc.gov.in/nrscnew/resources_atlas_SaltPan.php,2024-03,2026-09-21,Low,Partially Verified,Pass,Review,Pass,Pass,Review,No polygon/boundary geometry; No site coordinates found in a reliable source; No site-level production figure; No official area figure; No remote-sensing verification performed,Region-level entry; no coordinates. Named production centres taken from SCO/JMRA lists.
IN-GJ-007,Bhavnagar Salt and Industrial Works Pvt. Ltd.,,Salt Works,Gujarat,,Bhavnagar,,Bhavnagar,,,,,,,,Unknown,,,,,Arabian Sea,Unknown,No,No,,Unknown,,,,,,,,Unknown,,,,,No,Unknown,,No,No,,,Marine salt works,Seawater,Active,,Solar salt,,400000,"Normal-season figure, self-reported by owner (article dated Mar 2024; not audited)",Unknown,Private,Bhavnagar Salt and Industrial Works Pvt. Ltd. (owner quoted: Chetan Kamdar),,,,,,Unknown,,Unknown,,,Unknown,Unknown,,,Cyclones; unseasonal/extended rains (owner statement),"Two cyclones caused ~25% production loss (owner statement, Mongabay 2024)",,,,,,,,,,,,,,,,,,,,,,,,Mongabay India,Mongabay India,Uncertain weather makes that pinch of salt dearer,https://india.mongabay.com/2024/03/uncertain-weather-makes-that-pinch-of-salt-dearer/,,,,,NRSC/ISRO Salt Pan Atlas of India (Cartosat-2/3 imagery; state-level coverage statement only - site-level inclusion not verified),https://www.nrsc.gov.in/nrscnew/resources_atlas_SaltPan.php,2024-03,2026-09-21,Low,Unverified,Pass,Review,Pass,Pass,Review,No polygon/boundary geometry; No site coordinates found in a reliable source; No official area figure; No remote-sensing verification performed,"Production figure is a manufacturer quotation ('four lakh tonnes per annum in a normal season'), not an official statistic; no site coordinates found."
IN-GJ-008,Jamnagar coastal marine salt works,Jamnagar salt works,Regional Salt-Producing Area,Gujarat,,Jamnagar,,Jamnagar coast,,,,,,,,Unknown,,,,,Arabian Sea,Unknown,No,No,,Unknown,,,,,,,,Unknown,,,,,No,Unknown,,No,No,,,Marine salt works,Seawater,Active,,Solar salt,,,,Unknown,Private,Kutch Saurashtra Salt Manufacturers Association (Jamnagar) represents manufacturers (SCO advisory board list),,,,,,Unknown,,Unknown,,,Unknown,Unknown,,,,,,,,,,,,,,,,,,,,,,,,Salt Commissioner's Organisation,,,,SCO Salient Features (search snippet),Salt Commissioner's Organisation,Salt Industry in India,https://saltcomindia.gov.in/Pdf/SailentFeatures.pdf,Jamnagar Online guide,https://www.jamnagaronline.in/guide/salt-production-in-jamnagar,JMRA 11(4): average yield in Jamnagar 80 t/acre (2016-17) and 68 t/acre (2020-21),https://jmra.in/archive/volume/11/issue/4/article/16057,NRSC/ISRO Salt Pan Atlas of India (Cartosat-2/3 imagery; state-level coverage statement only - site-level inclusion not verified),https://www.nrsc.gov.in/nrscnew/resources_atlas_SaltPan.php,,2026-09-21,Low,Partially Verified,Pass,Review,Pass,Pass,Review,No polygon/boundary geometry; No site coordinates found in a reliable source; No site-level production figure; No official area figure; No remote-sensing verification performed,Yield (tonnes per acre) is from JMRA 2025 and is not converted to a per-site production figure. No coordinates.
IN-GJ-009,South Gujarat (Dahej-Bharuch-Valsad-Navsari-Surat) coastal salt works,Dahej salt works,Regional Salt-Producing Area,Gujarat,,Bharuch; Valsad; Navsari; Surat (as listed by secondary sources; per-district status not verified),,Dahej (named by SCO),,,,,,,,Unknown,,,,,Arabian Sea,Unknown,No,No,,Unknown,,,,,,,,Unknown,,,,,No,Unknown,,No,No,,,Marine salt works,Seawater,Active,,Solar salt,,,,Unknown,Private,,,,,,,Unknown,,Unknown,,,Unknown,Unknown,,,,,,,,,,,,,,,,,,,,,,,,,,,,SCO Salient Features (search snippet),Salt Commissioner's Organisation,Salt Industry in India,https://saltcomindia.gov.in/Pdf/SailentFeatures.pdf,Jamnagar Online guide (district list),https://www.jamnagaronline.in/guide/salt-production-in-jamnagar,"JMRA 11(4): South Gujarat average yield 64 t/acre (2016-17), 55 t/acre (2020-21)",https://jmra.in/archive/volume/11/issue/4/article/16057,NRSC/ISRO Salt Pan Atlas of India (Cartosat-2/3 imagery; state-level coverage statement only - site-level inclusion not verified),https://www.nrsc.gov.in/nrscnew/resources_atlas_SaltPan.php,,2026-09-21,Low,Unverified,Pass,Review,Pass,Pass,Review,No polygon/boundary geometry; No site coordinates found in a reliable source; No site-level production figure; No official area figure; No remote-sensing verification performed,Region-level; Dahej is the only place-name in this cluster taken from SCO; districts come from a local guide site (low reliability).
IN-RJ-001,Sambhar Salt Lake,Sambhar Lake; Shakambhari Jheel,Salt Lake,Rajasthan,,Jaipur; Nagaur (borders Ajmer),,Sambhar Lake Town,Jaipur (~60-80 km),,,26.94167,75.07639,"26°56'30.01""N","75°04'35.00""E",Approximate,Wikipedia infobox (lake centroid),Medium,360,,Inland,Approximate Point,Yes,No,,Unknown,,,,POINT (75.07639 26.94167),"{""type"":""Point"",""coordinates"":[75.07639,26.94167]}",,EPSG:4326,Unknown,,,,,No,Unknown,,No,No,,,Salt lake,Salt lake,Active,Lake brine released across a 5.1 km sandstone dam into eastern evaporation pans; sub-soil brine used elsewhere,Solar salt,,200000,Approx. annual output of Sambhar Salts Ltd raw salt as stated in IMYB 2022,Unknown,Mixed,Sambhar Salts Ltd (subsidiary of Hindustan Salts Ltd) holds extraction rights on the lake; private producers operate around it,,,,Ramsar wetland; India's largest inland saline lake,,Yes,"Sambhar Lake (Ramsar site no. 464, designated 23 March 1990)",Unknown,,Wintering ground for flamingos and other waterbirds; hypersaline algae/bacteria,Yes,Yes,Flamingos and migratory waterbirds; 2019 avian botulism mass mortality documented (Anantam IAS),Under pressure,Unregulated borewell brine extraction by private producers (Environment & Society Portal); 2019 avian botulism die-off (Anantam IAS),,,,,Borewell extraction of sub-soil brine reported (Environment & Society Portal),Salt production; wetland; Aravali hills; villages,,,,,,,Historic Rajputana salt source; leased to the British from the 1870s; ~3.67 million tons extracted 1870-1905/06 (Rajasthan history site),"3,667,160 tons cumulative extraction from 1870 to 1905-06",,,,Ramsar wetland; Sambhar Salts Ltd retains sole rights to extract salt from the lake (Environment & Society Portal),,,Salt Commissioner's Organisation; Government of Rajasthan,,,,Wikipedia (Sambhar Salt Lake),Wikipedia,Sambhar Salt Lake,https://en.wikipedia.org/wiki/Sambhar_Salt_Lake,Indian Minerals Yearbook 2022 - Salt (IBM),https://ibm.gov.in/writereaddata/files/17125772176613dac1f2662Salt_2022.pdf,Environment & Society Portal: Between Salt and Water (2026),https://www.environmentandsociety.org/arcadia/between-salt-and-water-environmental-crisis-sambhar-lake-rajasthan-india,NRSC/ISRO Salt Pan Atlas of India (Cartosat-2/3 imagery; state-level coverage statement only - site-level inclusion not verified),https://www.nrsc.gov.in/nrscnew/resources_atlas_SaltPan.php,2024-03,2026-09-21,Medium,Partially Verified,Pass,Pass,Pass,Pass,Pass,"No polygon/boundary geometry; Coordinate is a approximate proxy, not the pan boundary; No official area figure; No remote-sensing verification performed","Lake water-spread 190-230 km2 (Wikipedia; Britannica ~230 km2) is NOT a salt-pan area and is not stored as Official_Area_Hectares; Wikipedia infobox also shows an inconsistent 190-2,300 km2 range. IMYB 2022 says SSL 'approximately produces 2 lakh tonnes of raw salt every year' and plans for 10 lakh t/yr. Flamingo mortality and Anantam IAS text are secondary. Catchment ~5,700 km2."
IN-RJ-002,Nawa Salt Works (Sambhar Salts Ltd),Nawa (Nawan) salt works,Salt Works,Rajasthan,,Didwana-Kuchaman,,Nawa,,,,27.02,75.0,"27°01'12.00""N","75°00'00.00""E",Region-level,Wikipedia infobox (Nawa town centroid); works location not surveyed,Low,,,Inland,Approximate Point,Yes,No,,Unknown,,,,POINT (75.0 27.02),"{""type"":""Point"",""coordinates"":[75.0,27.02]}",,EPSG:4326,Unknown,,,,,No,Unknown,,No,No,,,Brine-based,Brine,Active,Sub-soil brine drawn from the ground to feed evaporation and crystallisation pans (Environment & Society Portal),Solar salt,,,,Unknown,Government,Sambhar Salts Ltd,,,,,,Unknown,,Unknown,,,Unknown,Unknown,,,,,,,,Depends on sub-soil brine extraction,,,,,,,,,,,,,,,,,,,,Environment & Society Portal,Environment & Society Portal (Rachel Carson Center),"Between Salt and Water: The Environmental Crisis at Sambhar Lake, Rajasthan, India",https://www.environmentandsociety.org/arcadia/between-salt-and-water-environmental-crisis-sambhar-lake-rajasthan-india,"Wikipedia (Nawa, Rajasthan)","https://en.wikipedia.org/wiki/Nawa,_Rajasthan",,,,,2026-02-19,2026-09-21,Medium,Partially Verified,Pass,Pass,Pass,Pass,Pass,"No polygon/boundary geometry; Coordinate is a region-level proxy, not the pan boundary; No site-level production figure; No official area figure; No remote-sensing verification performed","Article includes photographs (Feb 2024) of the Nawa Salt Works producing salt from sub-soil brine 'on a massive scale'. Point is Nawa town, not the works."
IN-RJ-003,Didwana Salt Lake,Didwana lake,Salt Lake,Rajasthan,,Didwana-Kuchaman (formerly Nagaur; district created 4 Aug 2023),,Didwana,,,,27.4,74.57,"27°24'00.00""N","74°34'12.00""E",Region-level,Wikipedia infobox (Didwana town centroid; town lies on north side of lake),Low,,,Inland,Approximate Point,Yes,No,,Unknown,,,,POINT (74.57 27.4),"{""type"":""Point"",""coordinates"":[74.57,27.4]}",,EPSG:4326,Unknown,,,,,No,Unknown,,No,No,,,Salt lake,Salt lake,Unknown,,Industrial salt,,,,Unknown,Mixed,Rajasthan state-owned sodium sulphate factory/units at Didwana (Testbook),,,,"Saline playa lake, eastern Thar",,Unknown,,Unknown,,Playa lake with geological/prehistoric records (Vajiram),Unknown,Unknown,,,,,,,,,Desert; town; salt/sodium sulphate industry,,,,,,,,,,,,,,,,,,,Wikipedia (Didwana),Wikipedia,Didwana,https://en.wikipedia.org/wiki/Didwana,RajRAS lakes note,https://rajras.in/lakes/,,,NRSC/ISRO Salt Pan Atlas of India (Cartosat-2/3 imagery; state-level coverage statement only - site-level inclusion not verified),https://www.nrsc.gov.in/nrscnew/resources_atlas_SaltPan.php,,2026-09-21,Low,Unverified,Pass,Pass,Pass,Review,Review,"No polygon/boundary geometry; Coordinate is a region-level proxy, not the pan boundary; No site-level production figure; No official area figure; No remote-sensing verification performed","Lake dimensions differ between sources (about 4 km x 3 km per Testbook; 5.6 km x 2.4 km per Vajiram). Low-grade salt used industrially (RajRAS). Coordinate is the town, not the lake."
IN-RJ-004,Pachpadra Salt Lake,Pachbadra; Pachpadra source,Salt Lake,Rajasthan,,Balotra,,Pachpadra,Balotra (~11 km),,,25.929,72.2466,"25°55'44.40""N","72°14'47.76""E",Approximate,Wikipedia infobox (Pachpadra Lake),Medium,,,Inland,Approximate Point,Yes,No,,Unknown,,,,POINT (72.2466 25.929),"{""type"":""Point"",""coordinates"":[72.2466,25.929]}",,EPSG:4326,Unknown,,,,,No,Unknown,,No,No,,,Salt lake,Salt lake,Active,Traditional crystallisation using Morli shrub (Wikipedia),,,,,Unknown,Community,Khara (Kharwal) community,,,,,,Unknown,,Unknown,,,Unknown,Unknown,,,,,,,,,,,,,,,,One of the historic Rajputana salt sources; salt known as Kausia,"413,468 tons extracted 1878-1905/06 (Rajasthan history site)",,,,,,,,,,,Wikipedia (Pachpadra Lake),Wikipedia,Pachpadra Lake,https://en.wikipedia.org/wiki/Pachpadra_Lake,Salt Management in Rajputana,https://rajasthanhistory.com/salt-management-in-rajputana/,,,NRSC/ISRO Salt Pan Atlas of India (Cartosat-2/3 imagery; state-level coverage statement only - site-level inclusion not verified),https://www.nrsc.gov.in/nrscnew/resources_atlas_SaltPan.php,,2026-09-21,Low,Unverified,Pass,Pass,Pass,Pass,Review,"No polygon/boundary geometry; Coordinate is a approximate proxy, not the pan boundary; No site-level production figure; No official area figure; No remote-sensing verification performed",Salt reported as ~98% NaCl (Wikipedia/RajRAS). Current output not found.
IN-RJ-005,Lunkaransar (dry playa; historic salt source),Lunkaransar Tal,Salt Lake,Rajasthan,,Bikaner,,Lunkaransar,,,,28.495,73.7484,"28°29'42.00""N","73°44'54.24""E",Region-level,Wikipedia infobox (Lunkaransar town centroid),Low,,,Inland,Approximate Point,Yes,No,,Unknown,,,,POINT (73.7484 28.495),"{""type"":""Point"",""coordinates"":[73.7484,28.495]}",,EPSG:4326,Unknown,,,,,No,Unknown,,No,No,,,Salt lake,Salt lake,Inactive,,,,,,Unknown,Unknown,,,,,,,Unknown,,Unknown,,,Unknown,Unknown,,,,,,,,,,,,,,,,Lunkaransar Tal in old Bikaner state was a salt source (Rajasthan history site),,,,,,,,,,,,Wikipedia (Lunkaransar),Wikipedia,Lunkaransar,https://en.wikipedia.org/wiki/Lunkaransar,RajRAS lakes note,https://rajras.in/lakes/,,,,,,2026-09-21,Low,Unverified,Pass,Pass,Pass,Pass,Review,"No polygon/boundary geometry; Coordinate is a region-level proxy, not the pan boundary; No site-level production figure; No official area figure; No remote-sensing verification performed",Wikipedia says a salt lake 'once' existed here and is now dry; RajRAS still lists it as a brackish lake. Status may be outdated.
IN-RJ-006,"Other Rajasthan inland brine works (Phalodi, Kuchaman, Rajas, Sujangarh, Rewasa, Talchhapar, Degana, Pokran)",,Regional Salt-Producing Area,Rajasthan,,Phalodi; Didwana-Kuchaman; Sikar; Churu; Jaisalmer (as named by sources),,Multiple,,,,,,,,Unknown,,,,,Inland,Unknown,No,No,,Unknown,,,,,,,,Unknown,,,,,No,Unknown,,No,No,,,Brine-based,Brine,Unknown,,Solar salt,,,,Unknown,Unknown,,,,,,,Unknown,,Unknown,,,Unknown,Unknown,,,,,,,,,,,,,,,,Phalodi source closed 1887-88 and the Luni tract 1897-98 as unprofitable (Rajasthan history site),,,,,,,,Salt Commissioner's Organisation; Rajasthan government,,,,Tamil Nadu Salt Corporation (industry summary),Tamil Nadu Salt Corporation / SCO data,Salt Industry,https://www.tnsalt.com/Salt_industry,RajRAS lakes note,https://rajras.in/lakes/,Status of salt industry in Rajasthan (Social Research Foundation),https://socialresearchfoundation.com/resonance/shikhachauhan.pdf,,,,2026-09-21,Low,Unverified,Pass,Review,Pass,Pass,Review,No polygon/boundary geometry; No site coordinates found in a reliable source; No site-level production figure; No official area figure; No remote-sensing verification performed,Named inland lake-brine / sub-soil brine centres; per-site status and locations not established.
IN-TN-001,Thoothukudi (Tuticorin) salt pan cluster,Tuticorin salt pans,Salt Production Cluster,Tamil Nadu,,Thoothukkudi,,Thoothukudi coastal belt,Thoothukudi,,V. O. Chidambaranar Port (8.4730N 78.1215E),8.80556,78.145,"8°48'20.02""N","78°08'42.00""E",Region-level,Wikipedia infobox (Thoothukudi city centroid); not pan location,Low,,,Indian Ocean,Approximate Point,Yes,No,,Unknown,,,,POINT (78.145 8.80556),"{""type"":""Point"",""coordinates"":[78.145,8.80556]}",,EPSG:4326,Unknown,,,,,No,Unknown,,No,No,,,Coastal solar evaporation,Seawater,Seasonal,Solar evaporation; production season March to mid-October (PARI),Solar salt,,,,Unknown,Mixed,,,,,Gulf of Mannar coast,,Unknown,,Unknown,,,Unknown,Unknown,,,,,,,,,Salt production; port and industry,,,,,,,Called the 'Salt Capital of Tamil Nadu' (Wikipedia); PARI describes the largest salt-producing district in Tamil Nadu,,,,,,,,Salt Commissioner's Organisation (Chennai regional office); Tamil Nadu Salt Corporation,,,,People's Archive of Rural India (PARI),PARI / SWI swissinfo.ch,The Rani of Thoothukudi's salt pans,https://ruralindiaonline.org/article/the-rani-of-thoothukudis-salt-pans,Wikipedia (Thoothukudi),https://en.wikipedia.org/wiki/Thoothukudi,,,NRSC/ISRO Salt Pan Atlas of India (Cartosat-2/3 imagery; state-level coverage statement only - site-level inclusion not verified),https://www.nrsc.gov.in/nrscnew/resources_atlas_SaltPan.php,,2026-09-21,Low,Partially Verified,Pass,Pass,Pass,Review,Review,"No polygon/boundary geometry; Coordinate is a region-level proxy, not the pan boundary; No site-level production figure; No official area figure; No remote-sensing verification performed","PARI reports ~25,000 acres (~10,117 ha) of salt pans in Thoothukudi district; journalist figure, NOT stored as official area. PARI also says Tamil Nadu produces 2.4 Mt (~11% of India) while IMYB 2022 gives 17.21 lakh t (~6%) for 2021-22 - unresolved discrepancy. SCO land in Tamil Nadu reported as 17,095 acres (UPSC secondary sources); Sahapedia says TN has >40,000 acres of pans."
IN-TN-002,Vedaranyam salt pans (Great Vedaranyam Swamp margin),Vedaranayam; Vedaranyam salt works,Salt Production Cluster,Tamil Nadu,,Nagapattinam,,Vedaranyam,,,,10.377389,79.8495,"10°22'38.60""N","79°50'58.20""E",Region-level,Wikipedia infobox (Vedaranyam town centroid); not pan location,Low,,,Bay of Bengal,Approximate Point,Yes,No,,Unknown,,,,POINT (79.8495 10.377389),"{""type"":""Point"",""coordinates"":[79.8495,10.377389]}",,EPSG:4326,Unknown,,,,,No,Unknown,,No,No,,,Coastal solar evaporation,Seawater,Seasonal,,Solar salt,,,,Unknown,Mixed,,,,,Great Vedaranyam Swamp / Point Calimere,Point Calimere Wildlife and Bird Sanctuary; Muthupet mangroves; Panchanadikulam wetland,Yes,"Point Calimere Wildlife and Bird Sanctuary (Ramsar no. 1210, designated 19 Aug 2002)",Yes,Point Calimere Wildlife and Bird Sanctuary,"Ramsar description lists human-made salt exploitation sites within the wetland; ~257 bird species recorded, ~30,000 flamingos (RSIS)",Yes,Yes,Spoonbill Sandpiper and Grey Pelican recorded (RSIS),,Pesticide runoff from agriculture and shrimp farms contaminating the wider Point Calimere ecosystem (Wikipedia),,,,,,,,,,,,,Endpoint of C. Rajagopalachari's 1930 salt satyagraha march from Tiruchirapalli (PARI),,,,1930 Vedaranyam salt satyagraha,Overlaps/adjoins a Ramsar-designated wildlife sanctuary; overlap of individual pans not verified,,,Salt Commissioner's Organisation; Tamil Nadu Forest Department (sanctuary),,,,Ramsar Sites Information Service,Ramsar Convention Secretariat,Point Calimere Wildlife and Bird Sanctuary,https://rsis.ramsar.org/ris/1210,Wikipedia (Vedaranyam; Point Calimere),https://en.wikipedia.org/wiki/Vedaranyam,,,NRSC/ISRO Salt Pan Atlas of India (Cartosat-2/3 imagery; state-level coverage statement only - site-level inclusion not verified),https://www.nrsc.gov.in/nrscnew/resources_atlas_SaltPan.php,,2026-09-21,Medium,Partially Verified,Pass,Pass,Pass,Pass,Pass,"No polygon/boundary geometry; Coordinate is a region-level proxy, not the pan boundary; No site-level production figure; No official area figure; No remote-sensing verification performed",Salt production centre named by SCO ('Vedaranyam'). Coordinates are the town of Vedaranyam. The Ramsar site's own centroid on Wikipedia is 10.31N 79.86E; RSIS lists 10deg19'N 079deg38'E.
IN-TN-003,Marakkanam salt pans,Marakanam,Salt Production Cluster,Tamil Nadu,,Viluppuram,Marakkanam,Marakkanam,,,,12.2,79.95,"12°12'00.00""N","79°57'00.00""E",Region-level,Wikipedia infobox (Marakkanam town centroid),Low,,,Bay of Bengal,Approximate Point,Yes,No,,Unknown,,,,POINT (79.95 12.2),"{""type"":""Point"",""coordinates"":[79.95,12.2]}",,EPSG:4326,Unknown,,,,,No,Unknown,,No,No,,,Coastal solar evaporation,Seawater,Active,,Solar salt,,,,Unknown,Mixed,,,,,Buckingham Canal / coastal backwaters,,Unknown,,Unknown,,,Unknown,Unknown,,,,,,,,,,,,,,,,,,,,,,,,,,,,Sahapedia,Sahapedia,In Search of White Gold: Salt Harvesting at Marakkanam,https://www.sahapedia.org/search-white-gold-salt-harvesting-marakkanam,Wikipedia (Marakkanam),https://en.wikipedia.org/wiki/Marakkanam,,,NRSC/ISRO Salt Pan Atlas of India (Cartosat-2/3 imagery; state-level coverage statement only - site-level inclusion not verified),https://www.nrsc.gov.in/nrscnew/resources_atlas_SaltPan.php,,2026-09-21,Low,Partially Verified,Pass,Pass,Pass,Pass,Review,"No polygon/boundary geometry; Coordinate is a region-level proxy, not the pan boundary; No site-level production figure; No official area figure; No remote-sensing verification performed","Sahapedia: salt harvesting employs about 60,000 workers (mostly seasonal, majority women) in TN. Wikipedia's claim that Marakkanam is the largest producer after Tuticorin is uncited and was not relied on."
IN-TN-004,Covelong (Kovalam) salt works,Covelong,Salt Production Cluster,Tamil Nadu,,,,Covelong,,,,,,,,Unknown,,,,,Bay of Bengal,Unknown,No,No,,Unknown,,,,,,,,Unknown,,,,,No,Unknown,,No,No,,,Coastal solar evaporation,Seawater,Unknown,,Solar salt,,,,Unknown,Unknown,,,,,,,Unknown,,Unknown,,,Unknown,Unknown,,,,,,,,,,,,,,,,,,,,,,,,,,,,SCO Salient Features (search snippet),Salt Commissioner's Organisation,Salt Industry in India,https://saltcomindia.gov.in/Pdf/SailentFeatures.pdf,Tamil Nadu Salt Corporation,https://www.tnsalt.com/Salt_industry,,,NRSC/ISRO Salt Pan Atlas of India (Cartosat-2/3 imagery; state-level coverage statement only - site-level inclusion not verified),https://www.nrsc.gov.in/nrscnew/resources_atlas_SaltPan.php,,2026-09-21,Low,Unverified,Pass,Review,Pass,Pass,Review,No polygon/boundary geometry; No site coordinates found in a reliable source; No site-level production figure; No official area figure; No remote-sensing verification performed,"Named by SCO as a major Tamil Nadu marine salt centre; district and coordinates not verified in a reliable source. Ramanathapuram, Cuddalore and Nagapattinam-other are cited by a low-reliability listicle only and were not added."
IN-AP-001,Andhra Pradesh coastal salt belt (Nellore to Srikakulam),AP marine salt works,Regional Salt-Producing Area,Andhra Pradesh,,Srikakulam; Vizianagaram; Visakhapatnam; East Godavari; Krishna; Bapatla/Prakasam; Nellore (as named by Hans India),,"Pundi, Naupada, Kalingapatnam, Bhavanapadu, Mulapadu, Konada, Pudimadaka, Anakapalli, Vadachipurupalli, Guradhanapalli, Kakinada, Machilipatnam, Chinnaganjam, Krishnapatnam",,,,,,,,Unknown,,,,,Bay of Bengal,Unknown,No,No,,Unknown,,7699.56,"Department of Salt (SCO): 19,026 acres salt land in AP incl. 17,244 acres salt-producing and 1,782 acres non-producing (as reported by The Hans India, Apr 2022); converted at 0.404686 ha/acre",,,,,Unknown,,,,,No,Unknown,,No,No,,,Coastal solar evaporation,Seawater,Seasonal,,Solar salt,,435000,Average annual production as reported Apr 2022 (Hans India); ~4.35 lakh tonnes,Unknown,Mixed,,,,,,,Unknown,,Unknown,,,Unknown,Unknown,,,,,,,,,,,,,,,,,,,,,,,,Salt Commissioner's Organisation (Chennai regional office),,,,The Hans India (citing Department of Salt),The Hans India / SCO,Sand mafia digging deep into salt lands at Chinaganjam,https://www.thehansindia.com/andhra-pradesh/sand-mafia-digging-deep-into-salt-lands-at-chinaganjam-736019,The Hans India (2019),https://www.thehansindia.com/posts/index/Andhra-Pradesh/2019-02-05/Critical-Retrospection-of-the-Andhra-Pradeshs-Salt-Policy-is-the-Need-of-the-Hour-to-Strengthen-the-Salt-Cultivators-of-the-State/488782,,,NRSC/ISRO Salt Pan Atlas of India (Cartosat-2/3 imagery; state-level coverage statement only - site-level inclusion not verified),https://www.nrsc.gov.in/nrscnew/resources_atlas_SaltPan.php,2022-04-01,2026-09-21,Medium,Partially Verified,Pass,Review,Pass,Review,Pass,No polygon/boundary geometry; No site coordinates found in a reliable source; No remote-sensing verification performed,"Conflicting AP land figures in sources: 19,026 acres (Hans India/SCO), 20,716 acres (UPSC secondary sources, SCO land), 25,000 acres and 3,000 acres for 56,000 t in Hans India 2019. Only the first is stored. State production is ~2% of India. This is a regional entry: no coordinates."
IN-AP-002,Chinnaganjam salt production cluster,Chinaganjam,Salt Production Cluster,Andhra Pradesh,,Bapatla (previously Prakasam),Chinnaganjam mandal,Chinnaganjam,,,,15.7,80.25,"15°42'00.00""N","80°15'00.00""E",Region-level,Wikipedia infobox (Chinnaganjam mandal headquarters),Low,,,Bay of Bengal,Approximate Point,Yes,No,,Unknown,,,,POINT (80.25 15.7),"{""type"":""Point"",""coordinates"":[80.25,15.7]}",,EPSG:4326,Unknown,,,,,No,Unknown,,No,No,,,Coastal solar evaporation,Seawater,Active,,Solar salt,,,,Unknown,Mixed,,,,,,,Unknown,,Unknown,,,Unknown,Unknown,,,Sand mining of salt lands reported (Hans India 2022); aquaculture and salt industries salinising soil and groundwater in Prakasam (Deccan Chronicle 2008),,,,,Salinisation of land and groundwater reported in Prakasam district (2008),,,,,,,,,,,,11 Feb 2000 police firing during protests against a proposed 560-acre salt factory at Chinnaganjam; two deaths (Deccan Chronicle 2008),,,,,,,,The Hans India (citing Department of Salt),The Hans India / SCO,Sand mafia digging deep into salt lands at Chinaganjam,https://www.thehansindia.com/andhra-pradesh/sand-mafia-digging-deep-into-salt-lands-at-chinaganjam-736019,Deccan Chronicle via India Environment Portal (2008),https://www.indiaenvironmentportal.org.in/news-clippings/salt-eats-into-ap-coast,,,NRSC/ISRO Salt Pan Atlas of India (Cartosat-2/3 imagery; state-level coverage statement only - site-level inclusion not verified),https://www.nrsc.gov.in/nrscnew/resources_atlas_SaltPan.php,2022-04-01,2026-09-21,Low,Partially Verified,Pass,Pass,Pass,Pass,Review,"No polygon/boundary geometry; Coordinate is a region-level proxy, not the pan boundary; No site-level production figure; No official area figure; No remote-sensing verification performed","~3,000 salt-farmer families in Prakasam working ~8 months (Hans India 2022). 2008: salt cultivation on 7,867 acres in four mandals of Prakasam district (not stored as area; district boundaries have since changed). Wikipedia infobox 'area 10,000 km2' for Chinnaganjam is clearly erroneous and was ignored."
IN-AP-003,"Krishnapatnam-Iskapalli-Pakala-Tada salt works (Nellore coast, historic and current)",Isakapalle; Iskapalle,Salt Production Cluster,Andhra Pradesh,,Nellore (Krishnapatnam); Pakala listed under Prakasam on Wikipedia; Tada under Tirupati,,Krishnapatnam; Iskapalli; Pakala; Tada,,,,,,,,Unknown,,,,,Bay of Bengal,Unknown,No,No,,Unknown,,,,,,,,Unknown,,,,,No,Unknown,,No,No,,,Coastal solar evaporation,Seawater,Unknown,,Solar salt,,,,Unknown,Unknown,,,,,,,Unknown,,Unknown,,,Unknown,Unknown,,,,,,,,,,,,,,,,"Four main salt factories in Nellore district in the 1930s: Pakala, Isakapalle, Krishnapatnam, Tada (Gazetteer 1938)","Pakala factory: highest average annual sales of the four main Nellore salt factories - 420,033 maunds (~15,675 t) (Nellore Gazetteer 1938, via Wikipedia)",,,,,,,,,,,SCO Salient Features (search snippet),Salt Commissioner's Organisation,Salt Industry in India,https://saltcomindia.gov.in/Pdf/SailentFeatures.pdf,"Wikipedia (Pakala, Prakasam district)","https://en.wikipedia.org/wiki/Pakala,_Prakasam_district",,,NRSC/ISRO Salt Pan Atlas of India (Cartosat-2/3 imagery; state-level coverage statement only - site-level inclusion not verified),https://www.nrsc.gov.in/nrscnew/resources_atlas_SaltPan.php,,2026-09-21,Low,Unverified,Pass,Review,Pass,Pass,Review,No polygon/boundary geometry; No site coordinates found in a reliable source; No site-level production figure; No official area figure; No remote-sensing verification performed,Krishnapatnam and Iskapalli are named by SCO as current centres; Pakala/Tada evidence is historical only.
IN-AP-004,Naupada salt production cluster (Srikakulam),Noupada; 'Salt Bowl of AP',Salt Production Cluster,Andhra Pradesh,,Srikakulam,Santha Bommali mandal,Naupada; Moolapeta; Bhavanapadu,,,,,,,,Unknown,,,,,Bay of Bengal,Unknown,No,No,,Unknown,,,,,,,,Unknown,,,,,No,Unknown,,No,No,,,Coastal solar evaporation,Seawater,Active,,Solar salt,,,,Unknown,Unknown,,,,,,,Unknown,,Unknown,,,Unknown,Unknown,,,,,,,,,,,,,,,,,,,,,,,,,,,,The Hans India (2019),The Hans India,Critical Retrospection of the Andhra Pradesh's Salt Policy is the Need of the Hour,https://www.thehansindia.com/posts/index/Andhra-Pradesh/2019-02-05/Critical-Retrospection-of-the-Andhra-Pradeshs-Salt-Policy-is-the-Need-of-the-Hour-to-Strengthen-the-Salt-Cultivators-of-the-State/488782,SCO Salient Features (search snippet),https://saltcomindia.gov.in/Pdf/SailentFeatures.pdf,,,NRSC/ISRO Salt Pan Atlas of India (Cartosat-2/3 imagery; state-level coverage statement only - site-level inclusion not verified),https://www.nrsc.gov.in/nrscnew/resources_atlas_SaltPan.php,2019-02-06,2026-09-21,Low,Partially Verified,Pass,Review,Pass,Pass,Review,No polygon/boundary geometry; No site coordinates found in a reliable source; No site-level production figure; No official area figure; No remote-sensing verification performed,Described as the 'Salt Bowl of AP'. No coordinates found.
IN-AP-005,Kakinada (Guradhanapalli) salt-producing area,,Salt Production Cluster,Andhra Pradesh,,East Godavari,,Kakinada; Guradhanapalli,,,,,,,,Unknown,,,,,Bay of Bengal,Unknown,No,No,,Unknown,,,,,,,,Unknown,,,,,No,Unknown,,No,No,,,Coastal solar evaporation,Seawater,Active,,Solar salt,,,,Unknown,Unknown,,,,,,,Unknown,,Unknown,,,Unknown,Unknown,,,,,,,,,,,,,,,,,,,,,,,,,,,,SCO Salient Features (search snippet),Salt Commissioner's Organisation,Salt Industry in India,https://saltcomindia.gov.in/Pdf/SailentFeatures.pdf,The Hans India (2022),https://www.thehansindia.com/andhra-pradesh/sand-mafia-digging-deep-into-salt-lands-at-chinaganjam-736019,,,NRSC/ISRO Salt Pan Atlas of India (Cartosat-2/3 imagery; state-level coverage statement only - site-level inclusion not verified),https://www.nrsc.gov.in/nrscnew/resources_atlas_SaltPan.php,,2026-09-21,Low,Partially Verified,Pass,Review,Pass,Pass,Review,No polygon/boundary geometry; No site coordinates found in a reliable source; No site-level production figure; No official area figure; No remote-sensing verification performed,Named by SCO and Hans India; no coordinates.
IN-MH-001,Mumbai salt pans (Wadala-Ghatkopar-Kanjurmarg-Bhandup-Mulund-Nahur-Mankhurd-Turbhe; Malvani-Dahisar),Mumbai salt pan lands,Regional Salt-Producing Area,Maharashtra,,Mumbai City; Mumbai Suburban; Thane (Turbhe),,Wadala; Ghatkopar; Kanjurmarg; Bhandup; Mulund; Nahur; Mankhurd; Turbhe; Malvani; Dahisar,,,,,,,,Unknown,,,,,Arabian Sea,Unknown,No,No,,Unknown,,2176.81,"CAT (2019) and Question of Cities (2026): Mumbai has ~5,379 acres of salt pans; underlying official record not verified; converted at 0.404686 ha/acre",,,,,Unknown,,,,,No,Unknown,,No,No,,,Coastal solar evaporation,Seawater,Unknown,,,,,,Unknown,Government,Salt Commissioner's Organisation (owner of much of the land) and lessees,,,,,"Thane Creek Flamingo Sanctuary (Ramsar, Aug 2022); Bhandup pumping station wetland",Unknown,,Unknown,,Rainwater retention/flood buffer for eastern suburbs; feeding areas for birds (Question of Cities; Drishti),Yes,Unknown,"Flamingos recorded in adjacent Thane Creek (BNHS counts >130,000 in 2022, Wikipedia)",Under development pressure,Land transfer/redevelopment (256 acres approved for the Dharavi project); loss of flood-buffer function (Question of Cities; The Federal),,,Salt pans described as absorbing monsoon floodwater (2005 floods) (The Federal),,,Urban; industrial; wetland; mangrove,,,,,"Salt pans being converted (e.g., 256 acres transferred for Dharavi redevelopment; DP 2034 proposes opening up 1,781 acres)",,,,,,,CRZ-I(B): only salt extraction and natural gas exploration permitted (Drishti/UPSC secondary sources),"Centre approved transfer of 256 acres (Kanjurmarg/Bhandup/Wadala/Mulund) to Maharashtra on 99-year lease (2024, per The Federal)",,Salt Commissioner's Organisation; Maharashtra Government; MMRDA,Ministry of Commerce & Industry (DPIIT) - SCO,,,Conservation Action Trust,Conservation Action Trust,How much of Mumbai's salt pans can be developed? Master plan in the works,https://cat.org.in/portfolio/how-much-of-mumbais-salt-pans-can-be-developed-master-plan-in-the-works/,Question of Cities (2026),https://questionofcities.org/when-high-rises-occupy-mumbais-salt-pans-where-will-the-water-go/,,,NRSC/ISRO Salt Pan Atlas of India (Cartosat-2/3 imagery; state-level coverage statement only - site-level inclusion not verified),https://www.nrsc.gov.in/nrscnew/resources_atlas_SaltPan.php,2019-09-12,2026-09-21,Low,Partially Verified,Pass,Review,Pass,Review,Review,No polygon/boundary geometry; No site coordinates found in a reliable source; No site-level production figure; No remote-sensing verification performed,"Sources also give ~13,000 acres for all Maharashtra (Mumbai ~5,300-5,379; Vasai ~2,000; Palghar ~2,000) versus 12,662 acres (UPSC secondary sources citing SCO land). Region-level entry; no coordinates. Site-level plots are listed separately in IN-MH-002 to 005."
IN-MH-002,Arthur Salt Works Land,,Salt Works,Maharashtra,,Mumbai,,Kanjurmarg (as implied by The Federal list; not stated unambiguously),,,,,,,,Unknown,,,,,Arabian Sea,Unknown,No,No,,Unknown,,48.76,The Federal (2024) reporting plot list: Arthur Salt Works Land 120.5 acres; converted at 0.404686 ha/acre,,,,,Unknown,,,,,No,Unknown,,No,No,,,Coastal solar evaporation,Seawater,Inactive,,,,,,Unknown,Government,Salt Commissioner's Organisation (owner),Lease long expired; identified by state government as defunct (The Federal),,,,,Unknown,,Unknown,,,Unknown,Unknown,,,,,,,,,,,,,,,,,,,,,Reportedly to be leased for 99 years to the Maharashtra government,Among plots reportedly to be handed over under the 256-acre transfer approved by the Centre (2024),,Salt Commissioner's Organisation,,,,The Federal,The Federal,Explained: What is the row over transfer of salt pan land for Dharavi project?,https://thefederal.com/category/explainers-2/explained-what-is-the-row-over-transfer-of-salt-pan-land-for-dharavi-project-142721,Open The Magazine (2024),https://openthemagazine.com/features/salt-and-shelter,,,NRSC/ISRO Salt Pan Atlas of India (Cartosat-2/3 imagery; state-level coverage statement only - site-level inclusion not verified),https://www.nrsc.gov.in/nrscnew/resources_atlas_SaltPan.php,2024-09-03,2026-09-21,Low,Unverified,Pass,Review,Pass,Pass,Review,No polygon/boundary geometry; No site coordinates found in a reliable source; No site-level production figure; No remote-sensing verification performed,Locality of Arthur plot is ambiguous across sources (Kanjurmarg/Bhandup). Listed plots total 284 acres versus 256 acres approved - only a subset may be in the approved package.
IN-MH-003,Jenkins Salt Works Land,,Salt Works,Maharashtra,,Mumbai,,Kanjurmarg,,,,,,,,Unknown,,,,,Arabian Sea,Unknown,No,No,,Unknown,,31.16,The Federal (2024): Jenkins Salt Works Land 77 acres at Kanjurmarg; converted at 0.404686 ha/acre,,,,,Unknown,,,,,No,Unknown,,No,No,,,Coastal solar evaporation,Seawater,Inactive,,,,,,Unknown,Government,Salt Commissioner's Organisation (owner),Lease long expired; identified by state government as defunct (The Federal),,,,,Unknown,,Unknown,,,Unknown,Unknown,,,,,,,,,,,,,,,,,,,,,Reportedly to be leased for 99 years to the Maharashtra government,Among plots reportedly to be handed over under the 256-acre transfer approved by the Centre (2024),,Salt Commissioner's Organisation,,,,The Federal,The Federal,Explained: What is the row over transfer of salt pan land for Dharavi project?,https://thefederal.com/category/explainers-2/explained-what-is-the-row-over-transfer-of-salt-pan-land-for-dharavi-project-142721,Open The Magazine (2024),https://openthemagazine.com/features/salt-and-shelter,,,NRSC/ISRO Salt Pan Atlas of India (Cartosat-2/3 imagery; state-level coverage statement only - site-level inclusion not verified),https://www.nrsc.gov.in/nrscnew/resources_atlas_SaltPan.php,2024-09-03,2026-09-21,Low,Unverified,Pass,Review,Pass,Pass,Review,No polygon/boundary geometry; No site coordinates found in a reliable source; No site-level production figure; No remote-sensing verification performed,See IN-MH-002 note about plot totals.
IN-MH-004,Jamasp Salt Works Land,,Salt Works,Maharashtra,,Mumbai Suburban,,Mulund,,,,,,,,Unknown,,,,,Arabian Sea,Unknown,No,No,,Unknown,,23.67,The Federal (2024): Jamasp Salt Works Land 58.5 acres at Mulund; converted at 0.404686 ha/acre,,,,,Unknown,,,,,No,Unknown,,No,No,,,Coastal solar evaporation,Seawater,Inactive,,,,,,Unknown,Government,Salt Commissioner's Organisation (owner),Lease long expired; identified by state government as defunct (The Federal),,,,,Unknown,,Unknown,,,Unknown,Unknown,,,,,,,,,,,,,,,,,,,,,Reportedly to be leased for 99 years to the Maharashtra government,Among plots reportedly to be handed over under the 256-acre transfer approved by the Centre (2024),,Salt Commissioner's Organisation,,,,The Federal,The Federal,Explained: What is the row over transfer of salt pan land for Dharavi project?,https://thefederal.com/category/explainers-2/explained-what-is-the-row-over-transfer-of-salt-pan-land-for-dharavi-project-142721,Question of Cities (2026),https://questionofcities.org/when-high-rises-occupy-mumbais-salt-pans-where-will-the-water-go/,,,NRSC/ISRO Salt Pan Atlas of India (Cartosat-2/3 imagery; state-level coverage statement only - site-level inclusion not verified),https://www.nrsc.gov.in/nrscnew/resources_atlas_SaltPan.php,2024-09-03,2026-09-21,Low,Unverified,Pass,Review,Pass,Pass,Review,No polygon/boundary geometry; No site coordinates found in a reliable source; No site-level production figure; No remote-sensing verification performed,See IN-MH-002 note about plot totals.
IN-MH-005,Suleman Shah salt pan land (Wadala),Suleman Shah Land,Salt Works,Maharashtra,,Mumbai City,,Wadala,,,,,,,,Unknown,,,,,Arabian Sea,Unknown,No,No,,Unknown,,11.33,The Federal (2024): Suleman Shah Land 28 acres at Wadala; converted at 0.404686 ha/acre,,,,,Unknown,,,,,No,Unknown,,No,No,,,Coastal solar evaporation,Seawater,Inactive,,,,,,Unknown,Government,Salt Commissioner's Organisation (owner),Lease long expired; identified by state government as defunct (The Federal),,,,,Unknown,,Unknown,,,Unknown,Unknown,,,,,,,,,,,,,,,,,,,,,Reportedly to be leased for 99 years to the Maharashtra government,Among plots reportedly to be handed over under the 256-acre transfer approved by the Centre (2024),,Salt Commissioner's Organisation,,,,The Federal,The Federal,Explained: What is the row over transfer of salt pan land for Dharavi project?,https://thefederal.com/category/explainers-2/explained-what-is-the-row-over-transfer-of-salt-pan-land-for-dharavi-project-142721,Open The Magazine (2024),https://openthemagazine.com/features/salt-and-shelter,,,NRSC/ISRO Salt Pan Atlas of India (Cartosat-2/3 imagery; state-level coverage statement only - site-level inclusion not verified),https://www.nrsc.gov.in/nrscnew/resources_atlas_SaltPan.php,2024-09-03,2026-09-21,Low,Unverified,Pass,Review,Pass,Pass,Review,No polygon/boundary geometry; No site coordinates found in a reliable source; No site-level production figure; No remote-sensing verification performed,See IN-MH-002 note about plot totals.
IN-MH-006,Mira-Bhayandar (Bhayandar) salt pans,Bhayander salt pans; West Mira Road salt pans,Salt Production Cluster,Maharashtra,,Thane,,Bhayandar; West Mira Road,,,,19.29,72.85,"19°17'24.00""N","72°51'00.00""E",Region-level,Wikipedia infobox (Mira-Bhayandar city centroid),Low,,,Arabian Sea,Approximate Point,Yes,No,,Unknown,,,,POINT (72.85 19.29),"{""type"":""Point"",""coordinates"":[72.85,19.29]}",,EPSG:4326,Unknown,,,,,No,Unknown,,No,No,,,Coastal solar evaporation,Seawater,Unknown,,,,,,Unknown,Government,,,,,,,Unknown,,Unknown,,,Unknown,Unknown,,,Development pressure on government-owned salt pans and marshland (Wikipedia),,,,,,Urban; marsh; mangrove,,,,,,,,,,,,,,,,,,,SCO Salient Features (search snippet),Salt Commissioner's Organisation,Salt Industry in India,https://saltcomindia.gov.in/Pdf/SailentFeatures.pdf,Wikipedia (Mira-Bhayandar),https://en.wikipedia.org/wiki/Mira-Bhayandar,,,NRSC/ISRO Salt Pan Atlas of India (Cartosat-2/3 imagery; state-level coverage statement only - site-level inclusion not verified),https://www.nrsc.gov.in/nrscnew/resources_atlas_SaltPan.php,,2026-09-21,Low,Partially Verified,Pass,Pass,Pass,Pass,Review,"No polygon/boundary geometry; Coordinate is a region-level proxy, not the pan boundary; No site-level production figure; No official area figure; No remote-sensing verification performed",Wikipedia notes government-owned salt pans and marshland restricting southward spread of Bhayandar.
IN-MH-007,Vasai-Virar-Palghar salt pans,Palghar salt pans,Regional Salt-Producing Area,Maharashtra,,Palghar,,Vasai; Virar; Palghar,,,,,,,,Unknown,,,,,Arabian Sea,Unknown,No,No,,Unknown,,,,,,,,Unknown,,,,,No,Unknown,,No,No,,,Coastal solar evaporation,Seawater,Unknown,,,,,,Unknown,Unknown,,,,,,,Unknown,,Unknown,,,Unknown,Unknown,,,,,,,,,,,,,,,,,,,,,,,,,,,,Conservation Action Trust,Conservation Action Trust,How much of Mumbai's salt pans can be developed? Master plan in the works,https://cat.org.in/portfolio/how-much-of-mumbais-salt-pans-can-be-developed-master-plan-in-the-works/,SCO Salient Features (search snippet; Palghar named),https://saltcomindia.gov.in/Pdf/SailentFeatures.pdf,,,NRSC/ISRO Salt Pan Atlas of India (Cartosat-2/3 imagery; state-level coverage statement only - site-level inclusion not verified),https://www.nrsc.gov.in/nrscnew/resources_atlas_SaltPan.php,2019-09-12,2026-09-21,Low,Partially Verified,Pass,Review,Pass,Pass,Review,No polygon/boundary geometry; No site coordinates found in a reliable source; No site-level production figure; No official area figure; No remote-sensing verification performed,"CAT (2019): ~2,000 acres in Vasai and ~2,000 acres in Palghar (press estimates, ~1,619 ha in total, not stored as official area). Raigad/Uran and Ratnagiri salt pans were not verified."
IN-OD-001,"Humma (Huma) salt pans and cooperatives, Ganjam",Huma; Humma salt farm,Salt Production Cluster,Odisha,,Ganjam,,Humma; Binchanapalli; Suryanarayanpur,,,,,,,,Unknown,,,,,Bay of Bengal,Unknown,No,No,,Unknown,,595.7,"OrissaPOST (Oct 2025): Centre owns 1,472 acres of land in this region (729 acres under the two cooperatives); converted at 0.404686 ha/acre",,,,,Unknown,,,,,No,Unknown,,No,No,,,Coastal solar evaporation,Seawater,Abandoned,,,,,,Decreasing,Government,Humma and Binchanapalli Salt Cooperative Societies (lessees of 729 acres),"Central land leased to cooperatives; renewals every 20 years, last in 2011 (OrissaPOST)",,,,,Unknown,,Unknown,,,Unknown,Unknown,,,Land acquisition for port; declining production,,,,,,,,,,,Pans reported as ruins used for cattle grazing (2025); land being acquired for port development (2026),,,,,,,"Central (SCO) land; >1,400 acres of Humma salt pan land slated for takeover by Centre for a Bahuda port (Sagarmala) - OrissaPOST Feb 2026",,,Salt Commissioner's Organisation,,,,OrissaPOST,OrissaPOST,Chorus grows loud for revival of Ganjam's abandoned salt pans,https://www.orissapost.com/chorus-grows-loud-for-revival-of-ganjams-abandoned-salt-pans/,OrissaPOST (Feb 2026),https://www.orissapost.com/ganjam-salt-pans-to-turn-history-as-centre-moves-to-acquire-8000-acres/,,,NRSC/ISRO Salt Pan Atlas of India (Cartosat-2/3 imagery; state-level coverage statement only - site-level inclusion not verified),https://www.nrsc.gov.in/nrscnew/resources_atlas_SaltPan.php,2025-10-27,2026-09-21,Medium,Partially Verified,Pass,Review,Pass,Pass,Pass,No polygon/boundary geometry; No site coordinates found in a reliable source; No site-level production figure; No remote-sensing verification performed,A 10-acre model salt farm was developed at Huma with state and Salt Department funding under CSMCRI supervision (Ganjam district site). No coordinates found; Ganjam town centroid (19.38N 85.07E) is unrelated to the pans and was not used.
IN-OD-002,Surala-Sumandi (Sumadi) salt plains near Bahuda River,Sumadi; Surla-Sumandi,Regional Salt-Producing Area,Odisha,,Ganjam,,"Surala-Sumandi plains, Bahuda River",,,,,,,,Unknown,,,,,Bay of Bengal,Unknown,No,No,,Unknown,,,,,,,,Unknown,,,,,No,Unknown,,No,No,,,Coastal solar evaporation,Seawater,Unknown,,,,,,Unknown,Unknown,,,,,,,Unknown,,Unknown,,,Unknown,Unknown,,,,,,,,,,,,,,"~6,200 acres of salt pans identified in the plains for acquisition for a Rs 21,000+ crore port (OrissaPOST Feb 2026)",,,,,,,Acquisition by Central government reported; land records transfer in final stages (Feb 2026),,,,,,,OrissaPOST,OrissaPOST,"Ganjam salt pans to turn history as Centre moves to acquire 8,000 acres",https://www.orissapost.com/ganjam-salt-pans-to-turn-history-as-centre-moves-to-acquire-8000-acres/,Tamil Nadu Salt Corporation (Sumadi named),https://www.tnsalt.com/Salt_industry,,,NRSC/ISRO Salt Pan Atlas of India (Cartosat-2/3 imagery; state-level coverage statement only - site-level inclusion not verified),https://www.nrsc.gov.in/nrscnew/resources_atlas_SaltPan.php,2026-02-28,2026-09-21,Low,Partially Verified,Pass,Review,Pass,Pass,Review,No polygon/boundary geometry; No site coordinates found in a reliable source; No site-level production figure; No official area figure; No remote-sensing verification performed,"6,200-acre figure is a press-reported identification of salt pan land, not an official area record. Sumadi named as a primary Odisha location (JMRA; SCO)."
IN-KA-001,Sanikatta salt pans (Nagarbail Salt Owners Cooperative Society),Sanikatte; Sannikatta; Gokarna salt pans; Sanikatta brown salt,Salt Works,Karnataka,,Uttara Kannada,Kumta,Sanikatta (twin village with Talgeri),Gokarna,,,14.56,74.31667,"14°33'36.00""N","74°19'00.01""E",Region-level,Wikipedia infobox (Sanikatta village centroid),Low,,,Arabian Sea,Approximate Point,Yes,No,,Unknown,,,,POINT (74.31667 14.56),"{""type"":""Point"",""coordinates"":[74.31667,14.56]}",,EPSG:4326,Unknown,,,,,No,Unknown,,No,No,,,Coastal solar evaporation,Seawater,Seasonal,Traditional solar evaporation of Aghanashini River estuarine water; harvest March-May (Siasat),Solar salt,,10000,"Society output stated in 2022 news report (Siasat, Nov 2022)",Unknown,Cooperative,Nagarbail Salt Owners Cooperative Society (formed 1952; ~50 families),,1720 (first salt made per Wikipedia); cooperative formed 1952,,Aghanashini River estuary,,Unknown,,Unknown,,,Unknown,Unknown,,,,Heavy pre-monsoon rain losses in 2022 (Siasat),,,,,,,,,,,,Oldest salt-manufacturing village in Karnataka (Wikipedia; Karnataka reports),,,,1930 salt raid at Sanikatte during Civil Disobedience Movement (Wikipedia - Ankola),,,,,,,,Siasat Daily,Siasat,Karnataka: How 50 families have been farming salt from 300 years,https://www.siasat.com/karnataka-how-50-families-have-been-farming-salt-from-300-years-2448838/,Wikipedia (Sanikatta),https://en.wikipedia.org/wiki/Sanikatta,,,NRSC/ISRO Salt Pan Atlas of India (Cartosat-2/3 imagery; state-level coverage statement only - site-level inclusion not verified),https://www.nrsc.gov.in/nrscnew/resources_atlas_SaltPan.php,2022-11-08,2026-09-21,Medium,Partially Verified,Pass,Pass,Pass,Review,Review,"No polygon/boundary geometry; Coordinate is a region-level proxy, not the pan boundary; No official area figure; No remote-sensing verification performed",Press gives ~400 acres (Deccan Chronicle; ~162 ha) or ~500 acres (30stades.com; ~202 ha) of pans - unresolved; neither stored as official area. Wikipedia infobox elevation (586 m) is implausible for a coastal lowland and was not used. Coordinate is village-level.
IN-GA-001,Agarwado salt pan (Pernem),Agarwada,Individual Salt Pan,Goa,,North Goa,Pernem,Agarwado,,,,15.640978,73.76426,"15°38'27.52""N","73°45'51.34""E",High,Research paper (sediment sampling coordinates at the pan crystalliser),High,,,Arabian Sea,Point,Yes,No,,Unknown,,,,POINT (73.76426 15.640978),"{""type"":""Point"",""coordinates"":[73.76426,15.640978]}",,EPSG:4326,Unknown,,,,,No,Unknown,,No,No,,,Coastal solar evaporation,Seawater,Seasonal,Seawater enters via sluice gate at high tide and evaporates in stages; harvest ~Feb-May/June (Springer; PMC),Solar salt,,,,Unknown,Private,,,,,Chapora estuary; khazan lands,Chapora estuary,Unknown,,Unknown,,Hypersaline (400-450 PSU) halophilic microbial diversity studied,Unknown,Unknown,Bacterial community dominated by Pseudomonadota; Psychrobacter 25.5% (Gawas & Kerkar 2023),,,,,,,,Khazan lands; estuarine wetland,,,,,,,,,,,,,,,,,,,"Gawas & Kerkar 2023, Frontiers in Microbiology (PMC)",Goa University,"Bacterial diversity and community structure of salt pans from Goa, India",https://pmc.ncbi.nlm.nih.gov/articles/PMC10726047/,Springer/BMC Aquatic Biosystems (Braganca 2012),https://aquaticbiosystems.biomedcentral.com/articles/10.1186/2046-9063-8-30,Frontiers in Microbiology 2023; DOI 10.3389/fmicb.2023.1230929,https://pmc.ncbi.nlm.nih.gov/articles/PMC10726047/,,,2023-12-04,2026-09-21,High,Partially Verified,Pass,Pass,Pass,Pass,Pass,No polygon/boundary geometry; No site-level production figure; No official area figure; No remote-sensing verification performed,Coordinates are from the paper's sampling site at the pan; extent of pan not stated. Salinity 400-450 PSU is reported for the three studied pans together.
IN-GA-002,Nerul salt pan (Bardez),Nerul saltern,Individual Salt Pan,Goa,,North Goa,Bardez,Nerul,,,,15.51979,73.78909,"15°31'11.24""N","73°47'20.72""E",High,Research paper (sediment sampling coordinates at the pan crystalliser),High,,,Arabian Sea,Point,Yes,No,,Unknown,,,,POINT (73.78909 15.51979),"{""type"":""Point"",""coordinates"":[73.78909,15.51979]}",,EPSG:4326,Unknown,,,,,No,Unknown,,No,No,,,Coastal solar evaporation,Seawater,Seasonal,Estuarine seawater via sluice gate; solar evaporation to crystalliser (PMC),Solar salt,,,,Unknown,Private,,,,,Mandovi estuary; khazan lands,Mandovi estuary,Unknown,,Unknown,,Highest bacterial alpha diversity of the three Goa pans studied (Shannon 4.8),Unknown,Unknown,Bacterial diversity (Gawas & Kerkar 2023),,,,,,,,Khazan lands; estuarine wetland,,,,,,,,,,,,,,,,,,,"Gawas & Kerkar 2023, Frontiers in Microbiology (PMC)",Goa University,"Bacterial diversity and community structure of salt pans from Goa, India",https://pmc.ncbi.nlm.nih.gov/articles/PMC10726047/,Springer/BMC Aquatic Biosystems (Braganca 2012),https://aquaticbiosystems.biomedcentral.com/articles/10.1186/2046-9063-8-30,Frontiers in Microbiology 2023,https://pmc.ncbi.nlm.nih.gov/articles/PMC10726047/,,,2023-12-04,2026-09-21,High,Partially Verified,Pass,Pass,Pass,Pass,Pass,No polygon/boundary geometry; No site-level production figure; No official area figure; No remote-sensing verification performed,"Different Nerul/Nerul-area sites exist in Navi Mumbai (Maharashtra); this record is Nerul, Bardez, Goa."
IN-GA-003,Curca salt pan (Tiswadi),Curca saltern,Individual Salt Pan,Goa,,North Goa,Tiswadi,Curca,,,,15.45798,73.88065,"15°27'28.73""N","73°52'50.34""E",High,Research paper (sediment sampling coordinates at the pan crystalliser),High,,,Arabian Sea,Point,Yes,No,,Unknown,,,,POINT (73.88065 15.45798),"{""type"":""Point"",""coordinates"":[73.88065,15.45798]}",,EPSG:4326,Unknown,,,,,No,Unknown,,No,No,,,Coastal solar evaporation,Seawater,Seasonal,Estuarine seawater via sluice gate; solar evaporation to crystalliser (PMC),Solar salt,,,,Unknown,Private,,,,,Zuari estuary (per paper); khazan lands,Zuari estuary,Unknown,,Unknown,,,Unknown,Unknown,Bacterial diversity (Shannon 4.3) (Gawas & Kerkar 2023),,,,,,,,Khazan lands; estuarine wetland,,,,,,,,,,,,,,,,,,,"Gawas & Kerkar 2023, Frontiers in Microbiology (PMC)",Goa University,"Bacterial diversity and community structure of salt pans from Goa, India",https://pmc.ncbi.nlm.nih.gov/articles/PMC10726047/,Springer/BMC Aquatic Biosystems (Braganca 2012),https://aquaticbiosystems.biomedcentral.com/articles/10.1186/2046-9063-8-30,Frontiers in Microbiology 2023,https://pmc.ncbi.nlm.nih.gov/articles/PMC10726047/,,,2023-12-04,2026-09-21,High,Partially Verified,Pass,Pass,Pass,Pass,Pass,No polygon/boundary geometry; No site-level production figure; No official area figure; No remote-sensing verification performed,Paper links Curca to the Zuari estuary and Nerul to the Mandovi; geographic plausibility of Curca (near the Mandovi-Zuari mouth) should be confirmed against imagery.
IN-GA-004,Ribandar saltern (Tiswadi),Ribander saltern,Individual Salt Pan,Goa,,North Goa,Tiswadi,Ribandar,,,,,,,,Unknown,,,,,Arabian Sea,Unknown,No,No,,Unknown,,,,,,,,Unknown,,,,,No,Unknown,,No,No,,,Coastal solar evaporation,Seawater,Seasonal,,Solar salt,,,,Unknown,Private,"Family-run (a salt maker manages a pan owned by her father-in-law, Juggernaut 2019)",,,,Mandovi estuary,,Unknown,,Unknown,,,Unknown,Unknown,,,,,,,,,,,,,,,,,,,,,,,,,,,,The Juggernaut (2019),The Juggernaut,The Salt Pans of Goa,https://www.thejuggernaut.com/salt-pans-of-goa,Springer/BMC Aquatic Biosystems (Braganca 2012),https://aquaticbiosystems.biomedcentral.com/articles/10.1186/2046-9063-8-30,"Kerkar & Loka Bharathi (2007, 2011) studied the Ribandar saltern (cited in Springer article)",https://aquaticbiosystems.biomedcentral.com/articles/10.1186/2046-9063-8-30,,,2019-06-12,2026-09-21,Low,Partially Verified,Pass,Review,Pass,Pass,Review,No polygon/boundary geometry; No site coordinates found in a reliable source; No site-level production figure; No official area figure; No remote-sensing verification performed,No coordinates found in a reliable source. Harvest March-May (Juggernaut).
IN-GA-005,Siridao salt pans (Tiswadi),Siridao saltern,Individual Salt Pan,Goa,,North Goa,Tiswadi,Siridao,,,,,,,,Unknown,,,,,Arabian Sea,Unknown,No,No,,Unknown,,,,,,,,Unknown,,,,,No,Unknown,,No,No,,,Coastal solar evaporation,Seawater,Unknown,,Solar salt,,,,Unknown,Private,,,,,Zuari/Mandovi estuarine area,,Unknown,,Unknown,,,Unknown,Unknown,,,,,,,,,,,,,,,,,,,,,,,,,,,,Springer/BMC Aquatic Biosystems (Braganca 2012),Goa University (authors),"Community solar salt production in Goa, India",https://aquaticbiosystems.biomedcentral.com/articles/10.1186/2046-9063-8-30,,,Braganca & Furtado 2012 (photo caption: salt production at Siridao),https://aquaticbiosystems.biomedcentral.com/articles/10.1186/2046-9063-8-30,,,2012-12-01,2026-09-21,Low,Unverified,Pass,Review,Pass,Pass,Review,No polygon/boundary geometry; No site coordinates found in a reliable source; No site-level production figure; No official area figure; No remote-sensing verification performed,Present status not verified (2012 photograph).
IN-GA-006,Goa traditional salt-producing area (Pernem-Bardez-Tiswadi-Salcete),Mithache agor; Goa mitagors,Regional Salt-Producing Area,Goa,,North Goa; South Goa,Pernem; Bardez; Tiswadi; Salcete,"Terekhol, Chapora, Baga, Mandovi, Zuari and Sal estuaries",,,,,,,,Unknown,,,,,Arabian Sea,Unknown,No,No,,Unknown,,,,,,,,Unknown,,,,,No,Unknown,,No,No,,,Coastal solar evaporation,Seawater,Seasonal,Reservoir pans (~5 Be) to evaporator pans (23-25 Be) to crystallisers (25-27 Be); harvest Feb-June (Springer),Solar salt,,2100,"2011 (Goa total, Braganca et al. 2012)",Decreasing,Private,Community salt makers (mittkars); small-scale (<4.04 ha) pans,,,,Khazan lands,,Unknown,,Unknown,,Salt pans form part of reclaimed khazan lands also used for aquaculture and agriculture (Springer),Unknown,Unknown,,,"Low income, lack of skilled labour, competition from industrial salt, yearly embankment damage (Springer)",Salt production limited to the dry summer; heavy monsoon (Springer),,,,,,,,,,,,"Salt production for ~1,500 years (Springer); Goa exported salt under Portuguese rule; 84 pans in Goa and 24 in Daman-Diu in 1850 (Goa Water Stories)",1876: ~44 kt; 1961: ~31 kt; 2011: ~2.1 kt (Braganca et al. 2012),Traditional mittkar community (Juggernaut; soultravelling),,,,,,,,,,"Braganca et al. 2012, Aquatic Biosystems",Goa University (authors); BMC/Springer Nature,"Community solar salt production in Goa, India",https://aquaticbiosystems.biomedcentral.com/articles/10.1186/2046-9063-8-30,Goa Water Stories (Pernem),https://goawaterstories.livingwatersmuseum.org/stories/the-saltpans-of-pernem,Aquatic Biosystems 8:30 (2012),https://aquaticbiosystems.biomedcentral.com/articles/10.1186/2046-9063-8-30,,,2012-12-01,2026-09-21,Medium,Partially Verified,Pass,Review,Pass,Review,Pass,No polygon/boundary geometry; No site coordinates found in a reliable source; No official area figure; No remote-sensing verification performed,"Springer article reports 36 villages historically and 9 producing villages with ~2,978 ha under current production - this figure looks high against pan holdings <4.04 ha and is NOT stored as official area; flagged for review. Goa Water Stories says Pernem pans covered 18.0232 ha in 1960 = 4.5% of the taluka, which is internally inconsistent (4.5% of Pernem would be ~1,000 ha). Juggernaut estimates up to 460 pans across 36 villages."
IN-WB-001,Contai (Kanthi) coastal salt area,Kanthi,Regional Salt-Producing Area,West Bengal,,Purba Medinipur,Contai subdivision,Contai,,,,21.78,87.75,"21°46'48.00""N","87°45'00.00""E",Region-level,Wikipedia infobox (Contai subdivision centroid),Low,,,Bay of Bengal,Approximate Point,Yes,No,,Unknown,,,,POINT (87.75 21.78),"{""type"":""Point"",""coordinates"":[87.75,21.78]}",,EPSG:4326,Unknown,,,,,No,Unknown,,No,No,,,Coastal solar evaporation,Seawater,Unknown,,Solar salt,,,,Unknown,Private,Contai Salt Manufacturers Association (listed on SCO advisory board page),,,,,,Unknown,,Unknown,,,Unknown,Unknown,,,,,,,,,,,,,,,,,,,,,,,,Salt Commissioner's Organisation (Kolkata regional office),,,,Tamil Nadu Salt Corporation (industry summary; SCO data),Tamil Nadu Salt Corporation,Salt Industry,https://www.tnsalt.com/Salt_industry,SCO Central Advisory Board member list,https://saltcomindia.gov.in/SAB_CAB_ConstitutionListMembers.aspx,,,NRSC/ISRO Salt Pan Atlas of India (Cartosat-2/3 imagery; state-level coverage statement only - site-level inclusion not verified),https://www.nrsc.gov.in/nrscnew/resources_atlas_SaltPan.php,,2026-09-21,Low,Partially Verified,Pass,Pass,Pass,Pass,Review,"No polygon/boundary geometry; Coordinate is a region-level proxy, not the pan boundary; No site-level production figure; No official area figure; No remote-sensing verification performed",Named by SCO/Tamil Nadu Salt Corporation as West Bengal's significant production centre; no site-level data. Coordinate is the subdivision centroid.
IN-HP-001,Drang (Mohal Bhatog) rock salt mine,"Drang Mohal; Guma/Gumma (second Mandi mine, not verified)",Other,Himachal Pradesh,,Mandi,,Mohal Bhatog,,,,,,,,Unknown,,,,,Inland,Unknown,No,No,,Unknown,,,,,,,,Unknown,,,,,No,Unknown,,No,No,,,Other,Other,Active,Underground semi-mechanised rock salt mining (not a salt pan),Other,,286,2021-22 (IMYB 2022),Unknown,Government,Hindustan Salts Ltd (public sector),,,,,,Unknown,,Unknown,,,Unknown,Unknown,,,,,,,,,Hill (government waste land); no forest land cover (IMYB),,,,,,,,,,,,Rock salt mine; a long-term commercial-mining contract awarded by tender (IMYB 2022),,,Indian Bureau of Mines (mineral); Salt Commissioner's Organisation,,,,Indian Minerals Yearbook 2022 - Salt,"Indian Bureau of Mines, Ministry of Mines","Indian Minerals Yearbook 2022, Salt (advance release)",https://ibm.gov.in/writereaddata/files/17125772176613dac1f2662Salt_2022.pdf,,,,,,,2024-03,2026-09-21,High,Partially Verified,Pass,Review,Pass,Pass,Pass,No polygon/boundary geometry; No site coordinates found in a reliable source; No official area figure; No remote-sensing verification performed,"Included as an Indian salt-production site but it is a rock salt mine, not a solar salt pan. NaCl ~67.81% (not fit for human consumption); India's rock salt reserves 12.78 Mt in Mandi (NMI, 1.4.2020). India's rock salt production was 286 t in 2021-22 (all from this mine per IMYB)."
IN-DD-001,Diu and Daman salt pans,,Regional Salt-Producing Area,,Dadra and Nagar Haveli and Daman and Diu,Diu; Daman,,Diu; Daman,,,,,,,,Unknown,,,,,Arabian Sea,Unknown,No,No,,Unknown,,,,,,,,Unknown,,,,,No,Unknown,,No,No,,,Coastal solar evaporation,Seawater,Unknown,,Solar salt,,,,Unknown,Unknown,,,,,,,Unknown,,Unknown,,,Unknown,Unknown,,,,,,,,,,,,,,,,24 salt pans in Daman and Diu in 1850 (Goa Water Stories),,,,,,,,,,,,SCO Salient Features (search snippet; Diu named among minor producers),Salt Commissioner's Organisation,Salt Industry in India,https://saltcomindia.gov.in/Pdf/SailentFeatures.pdf,Goa Water Stories,https://goawaterstories.livingwatersmuseum.org/stories/the-saltpans-of-pernem,,,,,,2026-09-21,Low,Unverified,Pass,Review,Pass,Pass,Review,No polygon/boundary geometry; No site coordinates found in a reliable source; No site-level production figure; No official area figure; No remote-sensing verification performed,Named by SCO and Tamil Nadu Salt Corporation among minor producers ('Diu & Daman'); current status and locations not established.
